epoch,train_loss,train_acc,val_loss,val_acc
1,0.30524441589514417,0.9166833333333333,0.11515336753726006,0.9653
2,0.13984297297000886,0.9586333333333333,0.0859172176150605,0.9724
