epoch,train_loss,train_acc,val_loss,val_acc
1,0.3039945650378863,0.9176833333333333,0.11681129310131073,0.9641
2,0.13753971069256465,0.9584166666666667,0.08501563153080642,0.9731
